neighbourhood_cd,annual_crime_rate,annual_felony_rate,annual_misdemeanor_rate,annual_violation_rate,annual_infraction_rate,dominant_ofns,dominant_perp_race
0.0,16.214285714285715,3.142857142857143,12.857142857142858,0.21428571428571427,0.0,"marijuana, possession 4 & 5",white
1.0,2.4285714285714284,0.5714285714285714,1.8571428571428572,0.0,0.0,"weapons, possession, etc",white
2.0,91.42857142857143,16.5,73.92857142857143,0.21428571428571427,0.7857142857142857,"marijuana, possession 4 & 5",white hispanic
3.0,7.357142857142857,1.7142857142857142,5.5,0.07142857142857142,0.07142857142857142,assault 3,white
4.0,3.4285714285714284,1.0714285714285714,2.2142857142857144,0.14285714285714285,0.0,assault 3,white
5.0,69.35714285714286,15.0,53.714285714285715,0.5,0.14285714285714285,assault 3,white
6.0,47.07142857142857,15.785714285714286,31.071428571428573,0.0,0.21428571428571427,assault 3,white
7.0,5.642857142857143,2.642857142857143,3.0,0.0,0.0,assault 3,white hispanic
8.0,5620.357142857143,1344.5,4104.5,164.78571428571428,6.571428571428571,"theft of services, unclassified",white hispanic
9.0,142.78571428571428,42.57142857142857,99.64285714285714,0.42857142857142855,0.14285714285714285,"marijuana, possession 4 & 5",white hispanic
10.0,249.85714285714286,74.85714285714286,174.28571428571428,0.6428571428571429,0.07142857142857142,"controlled substance, possession 7",white hispanic
11.0,556.8571428571429,185.92857142857142,369.85714285714283,0.9285714285714286,0.14285714285714285,"controlled substance, possession 7",white hispanic
12.0,607.9285714285714,154.28571428571428,451.14285714285717,1.9285714285714286,0.5714285714285714,"marijuana, possession 4 & 5",white hispanic
13.0,1184.0,352.7142857142857,824.8571428571429,4.357142857142857,2.0714285714285716,assault 3,white hispanic
14.0,782.5714285714286,144.21428571428572,634.2857142857143,2.9285714285714284,1.1428571428571428,"marijuana, possession 4 & 5",white hispanic
15.0,508.64285714285717,119.5,377.0,10.857142857142858,1.2857142857142858,"marijuana, possession 4 & 5",white hispanic
16.0,1146.357142857143,293.92857142857144,804.7142857142857,43.642857142857146,4.071428571428571,assault 3,black
17.0,82.07142857142857,16.285714285714285,64.71428571428571,0.7857142857142857,0.2857142857142857,"intoxicated driving,alcohol",white
18.0,214.71428571428572,60.285714285714285,149.71428571428572,3.642857142857143,1.0714285714285714,assault 3,white
19.0,937.9285714285714,287.7142857142857,629.5714285714286,18.714285714285715,1.9285714285714286,assault 3,black
20.0,338.2142857142857,92.0,232.64285714285714,12.571428571428571,1.0,assault 3,white hispanic
21.0,473.07142857142856,134.0,337.42857142857144,0.7142857142857143,0.9285714285714286,"marijuana, possession 4 & 5",black
22.0,1412.0,333.57142857142856,1053.357142857143,23.785714285714285,1.2857142857142858,"marijuana, possession 4 & 5",black
23.0,494.07142857142856,118.28571428571429,365.07142857142856,9.571428571428571,1.1428571428571428,"marijuana, possession 4 & 5",black
24.0,1814.2857142857142,444.5,1359.9285714285713,7.285714285714286,2.5714285714285716,"marijuana, possession 4 & 5",black
25.0,58.785714285714285,15.0,43.714285714285715,0.07142857142857142,0.0,"marijuana, possession 4 & 5",black
26.0,452.7142857142857,91.14285714285714,354.57142857142856,6.214285714285714,0.7857142857142857,"larceny,petit from open areas,unclassified",black
27.0,741.7857142857143,164.78571428571428,501.2142857142857,74.85714285714286,0.9285714285714286,"marijuana, possession 4 & 5",black
28.0,32.92857142857143,11.5,21.214285714285715,0.07142857142857142,0.14285714285714285,"intoxicated driving,alcohol",white
29.0,5802.928571428572,1327.857142857143,4291.428571428572,174.92857142857142,8.714285714285714,"theft of services, unclassified",black
30.0,2485.9285714285716,708.5714285714286,1767.642857142857,7.214285714285714,2.5,assault 3,black
31.0,2413.714285714286,718.7857142857143,1682.7857142857142,9.928571428571429,2.2142857142857144,"marijuana, possession 4 & 5",black
32.0,534.5714285714286,165.5,366.35714285714283,1.9285714285714286,0.7857142857142857,"controlled substance, possession 7",black
33.0,1342.857142857143,397.0,922.0714285714286,22.357142857142858,1.4285714285714286,assault 3,black
34.0,537.0714285714286,100.0,434.2142857142857,1.7142857142857142,1.1428571428571428,"marijuana, possession 4 & 5",black
35.0,2840.1428571428573,537.2857142857143,2208.8571428571427,83.78571428571429,10.214285714285714,"marijuana, possession 4 & 5",black
36.0,2268.285714285714,701.6428571428571,1528.4285714285713,35.5,2.7142857142857144,"marijuana, possession 4 & 5",black
37.0,1700.2857142857142,529.2857142857143,1163.2857142857142,5.785714285714286,1.9285714285714286,assault 3,white hispanic
38.0,1065.0,301.14285714285717,759.0,3.9285714285714284,0.9285714285714286,"marijuana, possession 4 & 5",black
39.0,2795.5,826.5,1958.9285714285713,7.857142857142857,2.2142857142857144,assault 3,black
40.0,3516.714285714286,926.6428571428571,2481.4285714285716,106.5,2.142857142857143,"theft of services, unclassified",black
41.0,8806.92857142857,2281.0714285714284,6382.357142857143,138.14285714285714,5.357142857142857,assault 3,black
42.0,837.2142857142857,145.07142857142858,687.2142857142857,3.857142857142857,1.0714285714285714,"marijuana, possession 4 & 5",black
43.0,322.64285714285717,55.57142857142857,265.7857142857143,1.0,0.2857142857142857,"larceny,petit from open areas,unclassified",black
44.0,62.357142857142854,13.642857142857142,44.142857142857146,4.142857142857143,0.42857142857142855,"marijuana, possession 4 & 5",white
45.0,35.92857142857143,10.142857142857142,24.071428571428573,1.5714285714285714,0.14285714285714285,assault 3,black
46.0,299.2142857142857,92.5,188.0,17.071428571428573,1.6428571428571428,assault 3,white
47.0,17.785714285714285,3.5,14.0,0.21428571428571427,0.07142857142857142,"marijuana, possession 4 & 5",white
48.0,12.357142857142858,2.642857142857143,9.357142857142858,0.2857142857142857,0.07142857142857142,assault 3,white
49.0,315.7857142857143,97.0,211.71428571428572,6.142857142857143,0.9285714285714286,assault 3,white
50.0,810.8571428571429,294.64285714285717,458.0,52.642857142857146,5.571428571428571,assault 3,black
51.0,119.07142857142857,38.642857142857146,75.71428571428571,3.2142857142857144,1.5,assault 3,black
52.0,218.64285714285714,66.64285714285714,143.35714285714286,7.142857142857143,1.5,assault 3,black
53.0,42.5,10.357142857142858,27.5,4.428571428571429,0.21428571428571427,"marijuana, possession 4 & 5",white
54.0,110.42857142857143,22.928571428571427,85.35714285714286,2.0714285714285716,0.07142857142857142,"marijuana, possession 4 & 5",black
55.0,156.21428571428572,39.785714285714285,98.85714285714286,16.5,1.0714285714285714,"ny state laws,unclassified violation",black
56.0,2078.6428571428573,640.1428571428571,1246.4285714285713,166.0,26.071428571428573,assault 3,black
57.0,1915.5,483.07142857142856,1260.2857142857142,154.0,18.142857142857142,"marijuana, possession 4 & 5",black
58.0,1127.2857142857142,324.07142857142856,726.2857142857143,54.857142857142854,22.071428571428573,"marijuana, possession 4 & 5",black
59.0,1134.9285714285713,331.57142857142856,732.4285714285714,65.85714285714286,5.071428571428571,"marijuana, possession 4 & 5",black
60.0,114.92857142857143,31.071428571428573,79.35714285714286,3.857142857142857,0.6428571428571429,"marijuana, possession 4 & 5",white
61.0,977.7857142857143,219.35714285714286,719.5714285714286,30.071428571428573,8.785714285714286,"stolen property 3,possession",white
62.0,341.2142857142857,132.85714285714286,192.57142857142858,14.428571428571429,1.3571428571428572,assault 3,white
63.0,1126.2857142857142,330.5,694.9285714285714,95.0,5.857142857142857,assault 3,white hispanic
64.0,471.2142857142857,201.14285714285714,253.64285714285714,14.642857142857142,1.7857142857142858,assault 3,white
65.0,977.2857142857143,381.85714285714283,548.0,43.785714285714285,3.642857142857143,assault 3,black
66.0,2051.4285714285716,786.4285714285714,1167.5,79.5,18.0,assault 3,black
67.0,677.4285714285714,164.21428571428572,452.14285714285717,56.785714285714285,4.285714285714286,"marijuana, possession 4 & 5",black
68.0,1837.5,454.2142857142857,1240.5,129.14285714285714,13.642857142857142,"marijuana, possession 4 & 5",black
69.0,833.0,210.14285714285714,546.0714285714286,71.14285714285714,5.642857142857143,"marijuana, possession 4 & 5",black
70.0,548.5714285714286,150.21428571428572,363.64285714285717,32.142857142857146,2.5714285714285716,assault 3,white
71.0,605.9285714285714,275.35714285714283,318.42857142857144,10.857142857142858,1.2857142857142858,assault 3,white
72.0,287.2857142857143,83.35714285714286,181.92857142857142,20.857142857142858,1.1428571428571428,assault 3,white
73.0,14.857142857142858,5.571428571428571,9.0,0.21428571428571427,0.07142857142857142,assault 3,white hispanic
74.0,203.28571428571428,57.0,132.07142857142858,13.142857142857142,1.0714285714285714,assault 3,white
75.0,534.5714285714286,132.92857142857142,371.57142857142856,27.714285714285715,2.357142857142857,"theft of services, unclassified",white
76.0,262.35714285714283,80.78571428571429,173.28571428571428,6.785714285714286,1.5,"traffic,unclassified infraction",black
77.0,34.785714285714285,9.357142857142858,22.214285714285715,3.2142857142857144,0.0,assault 3,white
78.0,502.42857142857144,131.57142857142858,328.5,39.5,2.857142857142857,assault 3,white
79.0,441.35714285714283,125.21428571428571,292.7142857142857,21.071428571428573,2.357142857142857,assault 3,white
80.0,179.28571428571428,59.357142857142854,94.5,24.5,0.9285714285714286,"ny state laws,unclassified violation",black
81.0,3507.214285714286,1001.5714285714286,2233.214285714286,263.14285714285717,9.285714285714286,"marijuana, possession 4 & 5",black
82.0,172.07142857142858,41.42857142857143,107.42857142857143,22.285714285714285,0.9285714285714286,assault 3,black
83.0,1755.4285714285713,539.5,1065.0714285714287,139.78571428571428,11.071428571428571,"marijuana, possession 4 & 5",black
84.0,713.0,200.64285714285714,482.35714285714283,28.0,2.0,"marijuana, possession 4 & 5",white hispanic
85.0,637.2142857142857,172.78571428571428,420.85714285714283,39.214285714285715,4.357142857142857,"marijuana, possession 4 & 5",black
86.0,588.1428571428571,130.35714285714286,420.57142857142856,34.0,3.2142857142857144,"theft of services, unclassified",white hispanic
87.0,198.85714285714286,56.214285714285715,131.42857142857142,8.571428571428571,2.642857142857143,"intoxicated driving,alcohol",white
88.0,5574.285714285715,1573.642857142857,3386.5,590.2142857142857,23.928571428571427,"marijuana, possession 4 & 5",black
89.0,5147.785714285715,1741.2857142857142,3131.0714285714284,252.57142857142858,22.857142857142858,"marijuana, possession 4 & 5",black
90.0,789.8571428571429,214.71428571428572,520.5714285714286,50.57142857142857,4.0,"marijuana, possession 4 & 5",black
91.0,146.07142857142858,42.642857142857146,98.64285714285714,3.357142857142857,1.4285714285714286,"marijuana, possession 4 & 5",white hispanic
92.0,181.42857142857142,50.142857142857146,115.78571428571429,14.285714285714286,1.2142857142857142,assault 3,white hispanic
94.0,224.42857142857142,54.42857142857143,144.07142857142858,23.857142857142858,2.0714285714285716,"ny state laws,unclassified violation",white hispanic
95.0,1667.5714285714287,501.2857142857143,1025.7857142857142,133.64285714285714,6.857142857142857,assault 3,black
96.0,238.57142857142858,48.857142857142854,170.28571428571428,18.0,1.4285714285714286,"marijuana, possession 4 & 5",white
97.0,795.6428571428571,330.92857142857144,437.42857142857144,23.357142857142858,3.9285714285714284,assault 3,white
98.0,4587.928571428572,1308.0714285714287,2799.1428571428573,460.2857142857143,20.428571428571427,"controlled substance, possession 7",black
99.0,395.0,109.85714285714286,265.85714285714283,18.428571428571427,0.8571428571428571,"marijuana, possession 4 & 5",black
100.0,34.285714285714285,9.785714285714286,23.0,1.2857142857142858,0.21428571428571427,"marijuana, possession 4 & 5",white
101.0,12.642857142857142,3.7142857142857144,8.785714285714286,0.14285714285714285,0.0,"marijuana, possession 4 & 5",white
102.0,1135.7142857142858,335.7857142857143,735.6428571428571,60.5,3.7857142857142856,"marijuana, possession 4 & 5",black
103.0,1794.357142857143,714.7142857142857,954.7142857142857,117.07142857142857,7.857142857142857,assault 3,black
104.0,1432.7142857142858,388.64285714285717,958.0,82.85714285714286,3.2142857142857144,"controlled substance, possession 7",white hispanic
105.0,757.7142857142857,185.64285714285714,506.7142857142857,54.785714285714285,10.571428571428571,"controlled substance, possession 7",black
106.0,1419.357142857143,413.2857142857143,845.6428571428571,153.0,7.428571428571429,"ny state laws,unclassified violation",black
107.0,1580.5,539.5,917.5714285714286,116.14285714285714,7.285714285714286,"controlled substance, possession 7",black
108.0,8007.5,2527.0714285714284,4822.714285714285,628.0,29.714285714285715,"marijuana, possession 4 & 5",black
109.0,1204.0,395.85714285714283,705.1428571428571,94.21428571428571,8.785714285714286,assault 3,white hispanic
110.0,41.0,6.857142857142857,31.071428571428573,2.0714285714285716,1.0,"traffic,unclassified infraction",white
111.0,357.07142857142856,114.14285714285714,212.07142857142858,28.0,2.857142857142857,"larceny,grand from open areas,unclassified",black
112.0,137.64285714285714,53.07142857142857,79.07142857142857,5.214285714285714,0.2857142857142857,"larceny,grand from open areas,unclassified",black
113.0,941.2142857142857,345.35714285714283,547.5,46.142857142857146,2.2142857142857144,"larceny,grand from open areas,unclassified",black
114.0,85.21428571428571,19.428571428571427,60.0,5.5,0.2857142857142857,"stolen property 3,possession",black
115.0,109.78571428571429,22.142857142857142,83.07142857142857,4.071428571428571,0.5,"stolen property 3,possession",black
116.0,56.357142857142854,15.571428571428571,38.92857142857143,1.2857142857142858,0.5714285714285714,"traffic,unclassified misdemean",black
117.0,75.57142857142857,19.642857142857142,53.357142857142854,2.2142857142857144,0.35714285714285715,"marijuana, possession 4 & 5",white hispanic
118.0,610.7857142857143,99.14285714285714,412.92857142857144,98.28571428571429,0.42857142857142855,"theft of services, unclassified",black
119.0,1331.142857142857,395.57142857142856,892.2142857142857,39.785714285714285,3.5714285714285716,"marijuana, possession 4 & 5",white hispanic
120.0,1469.0714285714287,302.57142857142856,1105.2857142857142,57.285714285714285,3.9285714285714284,"marijuana, possession 4 & 5",white hispanic
121.0,132.5,28.642857142857142,101.57142857142857,2.142857142857143,0.14285714285714285,assault 3,white hispanic
122.0,45.42857142857143,7.857142857142857,31.928571428571427,4.714285714285714,0.9285714285714286,"traffic,unclassified misdemean",white
123.0,192.42857142857142,34.714285714285715,105.42857142857143,51.642857142857146,0.6428571428571429,"ny state laws,unclassified violation",black
124.0,1344.9285714285713,308.42857142857144,958.2857142857143,71.0,7.214285714285714,"larceny,petit from open areas,unclassified",black
125.0,19.642857142857142,5.428571428571429,13.357142857142858,0.7142857142857143,0.14285714285714285,"marijuana, possession 4 & 5",white
126.0,464.2857142857143,104.07142857142857,326.0,32.714285714285715,1.5,"marijuana, possession 4 & 5",black
127.0,222.07142857142858,44.357142857142854,160.14285714285714,16.5,1.0714285714285714,"theft of services, unclassified",black
128.0,920.1428571428571,193.21428571428572,678.2142857142857,44.642857142857146,4.071428571428571,"marijuana, possession 4 & 5",white hispanic
129.0,1039.642857142857,210.92857142857142,784.6428571428571,41.642857142857146,2.4285714285714284,"marijuana, possession 4 & 5",white hispanic
130.0,1130.0714285714287,326.2142857142857,651.5714285714286,148.85714285714286,3.4285714285714284,"ny state laws,unclassified violation",black
131.0,133.85714285714286,14.5,101.21428571428571,18.142857142857142,0.0,"theft of services, unclassified",black
132.0,408.0,72.78571428571429,237.35714285714286,97.14285714285714,0.7142857142857143,"ny state laws,unclassified violation",black
133.0,963.0714285714286,293.7857142857143,627.9285714285714,38.285714285714285,3.0714285714285716,assault 3,black
134.0,1179.5714285714287,379.7857142857143,771.0714285714286,25.357142857142858,3.357142857142857,assault 3,black
135.0,3399.0714285714284,798.0714285714286,2433.214285714286,158.78571428571428,9.0,"marijuana, possession 4 & 5",white hispanic
136.0,2447.6428571428573,836.0,1480.7142857142858,126.07142857142857,4.857142857142857,assault 3,black
137.0,2845.0,923.2142857142857,1571.2142857142858,344.5,6.071428571428571,"larceny,grand from open areas,unclassified",black
138.0,149.28571428571428,23.285714285714285,108.92857142857143,12.214285714285714,4.857142857142857,"intoxicated driving,alcohol",white
139.0,405.64285714285717,83.07142857142857,278.35714285714283,35.57142857142857,8.642857142857142,assault 3,black
140.0,704.0714285714286,116.42857142857143,530.8571428571429,54.214285714285715,2.5714285714285716,"larceny,petit from open areas,unclassified",black
141.0,45.357142857142854,9.285714285714286,34.57142857142857,1.2857142857142858,0.21428571428571427,assault 3,white
142.0,190.28571428571428,26.428571428571427,157.71428571428572,3.4285714285714284,2.7142857142857144,"intoxicated driving,alcohol",white
143.0,100.78571428571429,17.857142857142858,80.64285714285714,1.0714285714285714,1.2142857142857142,"traffic,unclassified misdemean",white
144.0,494.14285714285717,96.5,374.64285714285717,21.5,1.5,"larceny,petit from open areas,unclassified",black
145.0,377.07142857142856,77.78571428571429,285.14285714285717,12.785714285714286,1.3571428571428572,"stolen property 3,possession",black
146.0,1358.5714285714287,322.85714285714283,927.7857142857143,103.92857142857143,4.0,"marijuana, possession 4 & 5",black
147.0,1059.2142857142858,144.92857142857142,784.2857142857143,126.14285714285714,3.857142857142857,"ny state laws,unclassified misdemeanor",black
148.0,3137.0714285714284,721.8571428571429,2173.9285714285716,237.28571428571428,4.0,"theft of services, unclassified",black
149.0,817.8571428571429,165.64285714285714,567.3571428571429,84.07142857142857,0.7857142857142857,"theft of services, unclassified",black
150.0,1209.7142857142858,289.42857142857144,865.3571428571429,53.357142857142854,1.5714285714285714,"controlled substance, possession 7",black
151.0,2344.714285714286,518.7857142857143,1630.357142857143,190.35714285714286,5.214285714285714,"theft of services, unclassified",black
152.0,3033.5,745.3571428571429,2047.2142857142858,238.0,2.9285714285714284,"theft of services, unclassified",black
153.0,966.0,224.92857142857142,702.2142857142857,37.214285714285715,1.6428571428571428,"marijuana, possession 4 & 5",black
154.0,4535.357142857143,1141.4285714285713,3007.3571428571427,374.7142857142857,11.857142857142858,"marijuana, possession 4 & 5",black
155.0,840.0,223.92857142857142,571.4285714285714,41.642857142857146,3.0,"marijuana, possession 4 & 5",black
156.0,2766.5714285714284,807.0,1801.0,150.42857142857142,8.142857142857142,"marijuana, possession 4 & 5",white hispanic
157.0,365.42857142857144,97.78571428571429,247.14285714285714,20.071428571428573,0.42857142857142855,"marijuana, possession 4 & 5",black
158.0,1082.142857142857,332.7142857142857,705.7142857142857,38.857142857142854,4.857142857142857,assault 3,black
159.0,1048.9285714285713,306.2142857142857,648.9285714285714,91.14285714285714,2.642857142857143,"theft of services, unclassified",black
160.0,15.5,5.5,10.0,0.0,0.0,assault 3,white
161.0,367.2857142857143,78.42857142857143,209.42857142857142,75.85714285714286,3.5714285714285716,"ny state laws,unclassified violation",black
162.0,98.5,20.428571428571427,65.5,11.285714285714286,1.2857142857142858,assault 3,black
163.0,12.214285714285714,2.357142857142857,8.857142857142858,0.7857142857142857,0.21428571428571427,"traffic,unclassified infraction",white
164.0,169.21428571428572,37.214285714285715,109.21428571428571,20.928571428571427,1.8571428571428572,assault 3,white hispanic
165.0,21.0,7.428571428571429,13.214285714285714,0.21428571428571427,0.14285714285714285,assault 3,asian / pacific islander
166.0,127.35714285714286,18.285714285714285,106.07142857142857,0.8571428571428571,2.142857142857143,"intoxicated driving,alcohol",white
167.0,7.714285714285714,1.6428571428571428,5.785714285714286,0.21428571428571427,0.07142857142857142,assault 3,white
168.0,36.857142857142854,8.214285714285714,28.0,0.35714285714285715,0.2857142857142857,"traffic,unclassified infraction",white
169.0,145.57142857142858,39.642857142857146,98.07142857142857,4.071428571428571,3.7857142857142856,"traffic,unclassified infraction",black
170.0,1.7142857142857142,0.7857142857142857,0.9285714285714286,0.0,0.0,"marijuana, possession 4 & 5",white
171.0,42.5,13.214285714285714,28.0,1.0714285714285714,0.21428571428571427,assault 3,white
172.0,27.285714285714285,8.357142857142858,17.071428571428573,1.7857142857142858,0.07142857142857142,assault 3,white
173.0,789.6428571428571,154.78571428571428,538.0714285714286,87.92857142857143,8.857142857142858,assault 3,white hispanic
174.0,46.07142857142857,9.571428571428571,35.0,1.4285714285714286,0.07142857142857142,assault 3,white
175.0,13.5,3.357142857142857,9.5,0.5,0.14285714285714285,"marijuana, possession 4 & 5",white
176.0,11.5,1.9285714285714286,8.857142857142858,0.5714285714285714,0.14285714285714285,"marijuana, possession 4 & 5",white
177.0,175.42857142857142,16.857142857142858,134.07142857142858,24.142857142857142,0.35714285714285715,"theft of services, unclassified",black
178.0,15.642857142857142,5.428571428571429,10.0,0.14285714285714285,0.07142857142857142,assault 3,white
179.0,16.928571428571427,5.5,11.285714285714286,0.07142857142857142,0.07142857142857142,assault 3,asian / pacific islander
180.0,80.42857142857143,23.357142857142858,54.0,1.8571428571428572,1.2142857142857142,"intoxicated driving,alcohol",asian / pacific islander
181.0,203.21428571428572,43.92857142857143,146.92857142857142,8.642857142857142,3.7142857142857144,"marijuana, possession 4 & 5",white
182.0,280.92857142857144,58.785714285714285,189.57142857142858,30.428571428571427,2.142857142857143,assault 3,white hispanic
183.0,62.357142857142854,21.928571428571427,35.5,4.857142857142857,0.07142857142857142,assault 3,black
184.0,38.57142857142857,9.357142857142858,26.428571428571427,2.357142857142857,0.42857142857142855,"larceny,petit from open areas,unclassified",black
185.0,590.4285714285714,227.21428571428572,331.64285714285717,29.357142857142858,2.2142857142857144,assault 3,black
186.0,343.2142857142857,85.71428571428571,221.35714285714286,31.285714285714285,4.857142857142857,"theft of services, unclassified",black
187.0,269.85714285714283,78.0,173.42857142857142,16.142857142857142,2.2857142857142856,"marijuana, possession 4 & 5",black
188.0,168.78571428571428,47.5,105.78571428571429,14.642857142857142,0.8571428571428571,"trespass 3, criminal",black
189.0,476.5,138.07142857142858,305.2857142857143,29.357142857142858,3.7857142857142856,"marijuana, possession 4 & 5",black
190.0,149.78571428571428,39.214285714285715,99.21428571428571,10.357142857142858,1.0,"child, endangering welfare",black
191.0,501.2142857142857,138.35714285714286,322.0,37.07142857142857,3.7857142857142856,"marijuana, possession 4 & 5",black
192.0,92.28571428571429,22.5,63.357142857142854,5.785714285714286,0.6428571428571429,assault 3,white hispanic
193.0,42.857142857142854,10.214285714285714,29.5,2.857142857142857,0.2857142857142857,assault 3,white hispanic
194.0,306.64285714285717,50.142857142857146,167.14285714285714,87.85714285714286,1.5,"ny state laws,unclassified violation",white hispanic
195.0,128.71428571428572,22.142857142857142,85.07142857142857,19.714285714285715,1.7857142857142858,"ny state laws,unclassified violation",white hispanic
196.0,69.5,19.285714285714285,48.357142857142854,1.3571428571428572,0.5,assault 3,white hispanic
197.0,53.785714285714285,17.428571428571427,34.642857142857146,1.1428571428571428,0.5714285714285714,assault 3,white
198.0,187.28571428571428,43.285714285714285,129.35714285714286,13.214285714285714,1.4285714285714286,assault 3,white hispanic
199.0,61.857142857142854,14.714285714285714,43.5,3.0,0.6428571428571429,assault 3,white hispanic
200.0,141.85714285714286,35.714285714285715,99.07142857142857,6.714285714285714,0.35714285714285715,assault 3,white hispanic
201.0,158.07142857142858,37.857142857142854,106.85714285714286,10.428571428571429,2.9285714285714284,assault 3,white hispanic
202.0,1732.5,459.14285714285717,1021.2142857142857,232.0,20.142857142857142,assault 3,white hispanic
203.0,81.42857142857143,24.642857142857142,51.642857142857146,4.642857142857143,0.5,assault 3,white hispanic
204.0,89.0,19.214285714285715,63.714285714285715,5.285714285714286,0.7857142857142857,"theft of services, unclassified",white hispanic
205.0,225.35714285714286,33.285714285714285,185.78571428571428,3.7142857142857144,2.5714285714285716,"stolen property 3,possession",white hispanic
206.0,75.0,24.214285714285715,47.42857142857143,2.642857142857143,0.7142857142857143,"controlled substance, possession 7",white
207.0,52.357142857142854,14.214285714285714,35.857142857142854,2.0714285714285716,0.21428571428571427,assault 3,white
208.0,60.0,15.214285714285714,41.785714285714285,2.357142857142857,0.6428571428571429,"marijuana, possession 4 & 5",white
209.0,515.8571428571429,138.57142857142858,341.7857142857143,32.142857142857146,3.357142857142857,assault 3,white hispanic
210.0,161.71428571428572,47.357142857142854,105.64285714285714,7.0,1.7142857142857142,assault 3,white
211.0,690.9285714285714,251.14285714285714,431.7142857142857,7.0,1.0714285714285714,assault 3,white hispanic
212.0,944.2142857142857,369.0,535.2857142857143,32.92857142857143,7.0,assault 3,white hispanic
213.0,332.7142857142857,96.78571428571429,220.14285714285714,13.785714285714286,2.0,"controlled substance, possession 7",white hispanic
214.0,121.5,33.857142857142854,83.71428571428571,3.642857142857143,0.2857142857142857,"controlled substance, possession 7",white
215.0,25.785714285714285,9.285714285714286,15.857142857142858,0.6428571428571429,0.0,assault 3,white
216.0,59.785714285714285,15.928571428571429,42.07142857142857,1.3571428571428572,0.42857142857142855,assault 3,white
217.0,52.642857142857146,12.0,39.0,0.5,1.1428571428571428,"controlled substance, possession 7",white
218.0,145.71428571428572,32.714285714285715,109.78571428571429,2.5,0.7142857142857143,"larceny,petit from open areas,unclassified",white
219.0,38.42857142857143,9.071428571428571,28.214285714285715,0.5,0.6428571428571429,assault 3,white
220.0,165.92857142857142,56.142857142857146,105.85714285714286,3.357142857142857,0.5714285714285714,assault 3,white hispanic
221.0,22.714285714285715,6.785714285714286,15.357142857142858,0.2857142857142857,0.2857142857142857,"traffic,unclassified infraction",white
222.0,23.357142857142858,7.857142857142857,15.285714285714286,0.21428571428571427,0.0,assault 3,white
223.0,482.2857142857143,120.5,329.14285714285717,26.0,6.642857142857143,assault 3,white hispanic
224.0,49.42857142857143,17.142857142857142,31.642857142857142,0.35714285714285715,0.2857142857142857,assault 3,white
225.0,20.928571428571427,6.142857142857143,14.5,0.14285714285714285,0.14285714285714285,"controlled substance, possession 7",white
226.0,3.4285714285714284,0.6428571428571429,2.7857142857142856,0.0,0.0,"marijuana, possession 4 & 5",white
227.0,25.642857142857142,8.642857142857142,16.642857142857142,0.21428571428571427,0.14285714285714285,assault 3,white
228.0,154.14285714285714,37.42857142857143,108.42857142857143,6.357142857142857,1.9285714285714286,assault 3,asian / pacific islander
229.0,245.14285714285714,57.785714285714285,177.85714285714286,6.214285714285714,3.2857142857142856,"intoxicated driving,alcohol",asian / pacific islander
230.0,365.07142857142856,112.0,238.92857142857142,10.428571428571429,3.7142857142857144,assault 3,asian / pacific islander
231.0,35.92857142857143,10.0,24.642857142857142,0.6428571428571429,0.6428571428571429,"intoxicated driving,alcohol",asian / pacific islander
232.0,85.5,24.785714285714285,59.5,0.5,0.7142857142857143,"traffic,unclassified infraction",asian / pacific islander
233.0,77.92857142857143,19.357142857142858,56.07142857142857,1.4285714285714286,1.0714285714285714,"intoxicated driving,alcohol",white
234.0,59.57142857142857,14.5,44.285714285714285,0.5,0.2857142857142857,"marijuana, possession 4 & 5",white hispanic
235.0,184.35714285714286,42.42857142857143,135.85714285714286,1.8571428571428572,4.214285714285714,"traffic,unclassified infraction",white
236.0,324.14285714285717,134.0,184.5,1.7857142857142858,3.857142857142857,assault 3,white
237.0,26.214285714285715,6.357142857142857,19.428571428571427,0.07142857142857142,0.35714285714285715,"traffic,unclassified infraction",white
238.0,45.07142857142857,14.071428571428571,29.357142857142858,1.2857142857142858,0.35714285714285715,assault 3,white hispanic
239.0,728.3571428571429,268.5,442.0,10.214285714285714,7.642857142857143,assault 3,black
240.0,490.64285714285717,153.28571428571428,311.07142857142856,23.285714285714285,3.0,assault 3,white hispanic
241.0,1202.9285714285713,570.1428571428571,589.6428571428571,38.642857142857146,4.5,assault 3,white hispanic
242.0,67.42857142857143,16.785714285714285,46.785714285714285,3.4285714285714284,0.42857142857142855,assault 3,white hispanic
243.0,70.57142857142857,28.214285714285715,37.785714285714285,4.285714285714286,0.2857142857142857,assault 3,black
244.0,99.07142857142857,26.785714285714285,62.714285714285715,9.142857142857142,0.42857142857142855,assault 3,white hispanic
245.0,1666.7857142857142,500.7857142857143,1056.5,64.35714285714286,45.142857142857146,assault 3,white hispanic
246.0,446.92857142857144,108.92857142857143,301.07142857142856,24.214285714285715,12.714285714285714,"traffic,unclassified infraction",black
247.0,1336.4285714285713,303.35714285714283,893.9285714285714,102.07142857142857,37.07142857142857,"marijuana, possession 4 & 5",black
248.0,1392.357142857143,485.85714285714283,831.6428571428571,59.142857142857146,15.714285714285714,assault 3,black
249.0,148.85714285714286,49.42857142857143,91.64285714285714,7.214285714285714,0.5714285714285714,"marijuana, possession 4 & 5",black
250.0,164.28571428571428,60.714285714285715,97.78571428571429,5.0,0.7857142857142857,"marijuana, possession 4 & 5",black
251.0,952.0,467.92857142857144,469.57142857142856,10.142857142857142,4.357142857142857,assault 3,black
252.0,107.57142857142857,37.214285714285715,64.85714285714286,4.357142857142857,1.1428571428571428,"marijuana, possession 4 & 5",black
253.0,196.5,48.714285714285715,138.28571428571428,6.428571428571429,3.0714285714285716,"marijuana, possession 4 & 5",black
254.0,41.785714285714285,11.928571428571429,26.214285714285715,3.5714285714285716,0.07142857142857142,"marijuana, possession 4 & 5",black
255.0,8.357142857142858,2.7142857142857144,5.0,0.6428571428571429,0.0,"traffic,unclassified misdemean",asian / pacific islander
256.0,190.07142857142858,50.357142857142854,135.57142857142858,3.2142857142857144,0.9285714285714286,"marijuana, possession 4 & 5",white hispanic
257.0,27.5,6.785714285714286,19.857142857142858,0.5,0.35714285714285715,"marijuana, possession 4 & 5",white
258.0,36.285714285714285,10.857142857142858,24.0,1.0714285714285714,0.35714285714285715,assault 3,white
259.0,197.35714285714286,59.285714285714285,125.71428571428571,10.642857142857142,1.7142857142857142,assault 3,white hispanic
260.0,708.5714285714286,213.14285714285714,452.2857142857143,36.42857142857143,6.714285714285714,assault 3,asian / pacific islander
261.0,385.14285714285717,115.0,217.64285714285714,50.92857142857143,1.5714285714285714,"ny state laws,unclassified violation",white hispanic
262.0,656.6428571428571,180.07142857142858,430.64285714285717,39.714285714285715,6.214285714285714,assault 3,asian / pacific islander
263.0,261.85714285714283,46.07142857142857,143.35714285714286,70.64285714285714,1.7857142857142858,"ny state laws,unclassified violation",black
264.0,53.0,14.928571428571429,33.42857142857143,3.2142857142857144,1.4285714285714286,"traffic,unclassified misdemean",black
265.0,465.2142857142857,160.21428571428572,281.92857142857144,19.214285714285715,3.857142857142857,"marijuana, possession 4 & 5",black
266.0,181.64285714285714,57.07142857142857,117.64285714285714,5.571428571428571,1.3571428571428572,"marijuana, possession 4 & 5",black
267.0,234.64285714285714,22.714285714285715,205.71428571428572,4.857142857142857,1.3571428571428572,"larceny,petit from open areas,unclassified",white
268.0,44.57142857142857,13.285714285714286,29.285714285714285,1.5,0.5,"marijuana, possession 4 & 5",black
269.0,85.71428571428571,21.5,61.214285714285715,2.4285714285714284,0.5714285714285714,"marijuana, possession 4 & 5",black
270.0,42.42857142857143,15.571428571428571,25.357142857142858,1.1428571428571428,0.35714285714285715,assault 3,black
271.0,236.35714285714286,84.42857142857143,144.14285714285714,5.642857142857143,2.142857142857143,"marijuana, possession 4 & 5",black
272.0,67.92857142857143,20.714285714285715,44.57142857142857,1.8571428571428572,0.7857142857142857,"marijuana, possession 4 & 5",black
273.0,257.92857142857144,75.28571428571429,166.42857142857142,11.785714285714286,4.428571428571429,"prostitution, patronizing 4, 3",black
274.0,518.0714285714286,141.78571428571428,332.2142857142857,26.571428571428573,17.5,"marijuana, possession 4 & 5",black
275.0,196.35714285714286,68.0,120.14285714285714,6.642857142857143,1.5714285714285714,assault 3,black
276.0,159.0,48.642857142857146,101.14285714285714,6.285714285714286,2.9285714285714284,"marijuana, possession 4 & 5",black
277.0,4.642857142857143,1.9285714285714286,2.642857142857143,0.0,0.07142857142857142,assault 3,black
278.0,168.42857142857142,43.857142857142854,113.78571428571429,9.571428571428571,1.2142857142857142,"marijuana, possession 4 & 5",white hispanic
279.0,1915.2142857142858,639.2142857142857,1215.857142857143,35.714285714285715,24.428571428571427,"traffic,unclassified misdemean",black
280.0,122.07142857142857,35.92857142857143,78.35714285714286,6.928571428571429,0.8571428571428571,"marijuana, possession 4 & 5",black
281.0,129.0,47.285714285714285,76.64285714285714,4.357142857142857,0.7142857142857143,assault 3,black
282.0,122.78571428571429,34.0,82.14285714285714,5.357142857142857,1.2857142857142858,"marijuana, possession 4 & 5",black
283.0,27.5,6.857142857142857,19.5,1.0714285714285714,0.07142857142857142,"marijuana, possession 4 & 5",black
284.0,40.785714285714285,15.357142857142858,25.0,0.2857142857142857,0.14285714285714285,assault 3,black
285.0,48.642857142857146,16.642857142857142,30.285714285714285,1.5,0.21428571428571427,assault 3,black
286.0,55.714285714285715,17.5,34.857142857142854,2.2857142857142856,1.0714285714285714,"marijuana, possession 4 & 5",black
287.0,153.14285714285714,43.142857142857146,102.64285714285714,4.571428571428571,2.7857142857142856,"marijuana, possession 4 & 5",black
288.0,69.35714285714286,16.142857142857142,30.785714285714285,22.142857142857142,0.2857142857142857,"ny state laws,unclassified violation",black
289.0,240.42857142857142,57.357142857142854,154.64285714285714,24.928571428571427,3.5,"marijuana, possession 4 & 5",black
290.0,242.85714285714286,62.92857142857143,160.28571428571428,15.5,4.142857142857143,assault 3,white hispanic
291.0,7.5,2.142857142857143,5.071428571428571,0.14285714285714285,0.14285714285714285,assault 3,white hispanic
292.0,36.857142857142854,11.642857142857142,23.642857142857142,1.0714285714285714,0.5,"controlled substance, possession 7",white
293.0,196.78571428571428,46.714285714285715,145.42857142857142,1.7142857142857142,2.9285714285714284,"larceny,petit from open areas,unclassified",asian / pacific islander
294.0,577.7857142857143,176.92857142857142,377.5,18.357142857142858,5.0,"marijuana, possession 4 & 5",black
295.0,18.642857142857142,5.142857142857143,11.428571428571429,0.5714285714285714,1.5,"traffic,unclassified misdemean",black
296.0,943.4285714285714,283.64285714285717,614.2142857142857,38.92857142857143,6.642857142857143,"controlled substance, possession 7",black
297.0,93.07142857142857,26.285714285714285,63.214285714285715,2.4285714285714284,1.1428571428571428,"stolen property 3,possession",black
298.0,258.85714285714283,93.14285714285714,154.92857142857142,9.571428571428571,1.2142857142857142,"marijuana, possession 4 & 5",black
299.0,318.5,79.14285714285714,216.57142857142858,16.0,6.785714285714286,"marijuana, possession 4 & 5",black
300.0,39.357142857142854,10.928571428571429,25.285714285714285,2.142857142857143,1.0,"intoxicated driving,alcohol",white hispanic
301.0,6.5,2.4285714285714284,3.4285714285714284,0.5714285714285714,0.07142857142857142,assault 3,black
302.0,1.7142857142857142,0.5714285714285714,1.0714285714285714,0.0,0.07142857142857142,"intoxicated driving,alcohol",black
303.0,14.642857142857142,3.357142857142857,10.714285714285714,0.42857142857142855,0.14285714285714285,prostitution,black
304.0,134.78571428571428,41.42857142857143,89.42857142857143,3.4285714285714284,0.5,assault 3,black
307.0,126.14285714285714,43.42857142857143,78.64285714285714,3.0714285714285716,1.0,assault 3,black
311.0,147.28571428571428,23.285714285714285,78.57142857142857,44.785714285714285,0.6428571428571429,"ny state laws,unclassified violation",white hispanic
312.0,0.07142857142857142,0.0,0.07142857142857142,0.0,0.0,"larceny,petit from open areas,unclassified",white
313.0,0.9285714285714286,0.5,0.2857142857142857,0.14285714285714285,0.0,"robbery,unclassified,open areas",white
314.0,96.14285714285714,11.357142857142858,41.42857142857143,42.785714285714285,0.5714285714285714,"ny state laws,unclassified violation",black
315.0,51.92857142857143,15.642857142857142,33.0,2.4285714285714284,0.8571428571428571,"traffic,unclassified infraction",black
316.0,10.642857142857142,3.2142857142857144,6.785714285714286,0.6428571428571429,0.0,"marijuana, possession 4 & 5",black
317.0,1.5,0.7142857142857143,0.6428571428571429,0.14285714285714285,0.0,"marijuana, possession 4 & 5",black
318.0,606.7857142857143,133.5,409.07142857142856,56.285714285714285,7.928571428571429,"theft of services, unclassified",white hispanic
319.0,310.5,88.71428571428571,211.14285714285714,8.142857142857142,2.5,"marijuana, possession 4 & 5",white hispanic
320.0,1056.4285714285713,214.71428571428572,635.0,186.35714285714286,20.357142857142858,"ny state laws,unclassified violation",white hispanic
321.0,284.7857142857143,75.85714285714286,187.35714285714286,16.142857142857142,5.428571428571429,assault 3,white hispanic
322.0,413.2142857142857,84.92857142857143,249.07142857142858,71.57142857142857,7.642857142857143,"ny state laws,unclassified violation",white hispanic
323.0,253.85714285714286,50.57142857142857,154.35714285714286,44.5,4.428571428571429,"ny state laws,unclassified violation",white hispanic
324.0,131.92857142857142,23.0,104.21428571428571,3.142857142857143,1.5714285714285714,"stolen property 3,possession",white
326.0,13.928571428571429,7.428571428571429,6.214285714285714,0.2857142857142857,0.0,"larceny,grand from open areas,unclassified",black
327.0,4.285714285714286,1.2142857142857142,3.0714285714285716,0.0,0.0,assault 3,white
329.0,0.35714285714285715,0.21428571428571427,0.14285714285714285,0.0,0.0,"marijuana, possession 4 & 5",black
330.0,8.142857142857142,2.0,5.785714285714286,0.2857142857142857,0.07142857142857142,"marijuana, possession 4 & 5",white
331.0,3.9285714285714284,1.1428571428571428,2.7857142857142856,0.0,0.0,"marijuana, possession 4 & 5",white
332.0,5.142857142857143,2.142857142857143,2.9285714285714284,0.07142857142857142,0.0,assault 3,white
333.0,17.0,3.9285714285714284,12.785714285714286,0.14285714285714285,0.14285714285714285,"intoxicated driving,alcohol",white
334.0,2.642857142857143,0.6428571428571429,1.9285714285714286,0.0,0.07142857142857142,"intoxicated driving,alcohol",white
335.0,41.285714285714285,9.642857142857142,31.0,0.21428571428571427,0.42857142857142855,assault 3,white
336.0,2.642857142857143,0.6428571428571429,2.0,0.0,0.0,"controlled substance, possession 7",white
337.0,10.428571428571429,1.9285714285714286,8.5,0.0,0.0,"controlled substance, possession 7",white
338.0,30.571428571428573,8.857142857142858,21.357142857142858,0.14285714285714285,0.21428571428571427,"controlled substance, possession 7",white
340.0,2.9285714285714284,0.7142857142857143,2.2142857142857144,0.0,0.0,"controlled substance, possession 7",white
341.0,0.2857142857142857,0.07142857142857142,0.21428571428571427,0.0,0.0,assault 3,white
342.0,21.142857142857142,7.357142857142857,13.642857142857142,0.14285714285714285,0.0,assault 3,black
343.0,44.857142857142854,8.642857142857142,35.92857142857143,0.07142857142857142,0.21428571428571427,"larceny,petit from open areas,unclassified",white
344.0,5.785714285714286,1.2142857142857142,4.428571428571429,0.0,0.14285714285714285,"intoxicated driving,alcohol",white
345.0,5.785714285714286,1.7857142857142858,4.0,0.0,0.0,assault 3,white
346.0,75.28571428571429,23.785714285714285,50.07142857142857,0.7142857142857143,0.7142857142857143,assault 3,black
347.0,9.357142857142858,1.7857142857142858,7.571428571428571,0.0,0.0,"traffic,unclassified misdemean",white
348.0,22.571428571428573,5.357142857142857,17.142857142857142,0.0,0.07142857142857142,"controlled substance, possession 7",white
349.0,15.714285714285714,4.285714285714286,11.428571428571429,0.0,0.0,"controlled substance, possession 7",white
350.0,154.21428571428572,46.642857142857146,106.07142857142857,1.4285714285714286,0.07142857142857142,assault 3,black
351.0,6.142857142857143,2.0,4.142857142857143,0.0,0.0,"marijuana, possession 4 & 5",white
352.0,38.92857142857143,10.857142857142858,27.857142857142858,0.14285714285714285,0.07142857142857142,"controlled substance, possession 7",white
353.0,71.35714285714286,12.571428571428571,57.285714285714285,0.21428571428571427,1.2857142857142858,"traffic,unclassified misdemeanor",white
354.0,3.0714285714285716,1.2142857142857142,1.7857142857142858,0.07142857142857142,0.0,"robbery,unclassified,open areas",white
355.0,103.21428571428571,29.714285714285715,72.28571428571429,0.7857142857142857,0.42857142857142855,"controlled substance, possession 7",white
356.0,641.7142857142857,233.21428571428572,403.7857142857143,1.7142857142857142,3.0,assault 3,white
357.0,108.64285714285714,19.714285714285715,88.21428571428571,0.42857142857142855,0.2857142857142857,"stolen property 3,possession",white
358.0,10.857142857142858,3.0,7.714285714285714,0.07142857142857142,0.07142857142857142,"controlled substance, possession 7",white
359.0,24.928571428571427,6.5,18.285714285714285,0.14285714285714285,0.0,"marijuana, possession 4 & 5",white
360.0,35.714285714285715,10.0,25.357142857142858,0.2857142857142857,0.07142857142857142,"controlled substance, possession 7",white
361.0,59.5,13.357142857142858,45.214285714285715,0.5714285714285714,0.35714285714285715,"traffic,unclassified infraction",black
362.0,36.0,11.0,24.357142857142858,0.14285714285714285,0.5,"intoxicated driving,alcohol",white
363.0,2.5,0.42857142857142855,2.0714285714285716,0.0,0.0,"traffic,unclassified infraction",white
364.0,0.8571428571428571,0.0,0.8571428571428571,0.0,0.0,"controlled substance, possession 7",white
365.0,4.071428571428571,1.2142857142857142,2.7857142857142856,0.0,0.07142857142857142,assault 3,white
366.0,49.857142857142854,14.285714285714286,35.42857142857143,0.14285714285714285,0.0,assault 3,white
367.0,27.285714285714285,8.0,19.214285714285715,0.0,0.07142857142857142,assault 3,black
368.0,7.642857142857143,2.357142857142857,5.214285714285714,0.0,0.07142857142857142,"marijuana, possession 4 & 5",black
369.0,65.07142857142857,15.928571428571429,47.857142857142854,0.7142857142857143,0.5714285714285714,"marijuana, possession 4 & 5",white
370.0,645.0714285714286,177.5,459.85714285714283,6.071428571428571,1.6428571428571428,"controlled substance, possession 7",black
371.0,95.5,20.5,74.0,0.8571428571428571,0.14285714285714285,"stolen property 3,possession",white
372.0,39.5,11.142857142857142,28.214285714285715,0.0,0.14285714285714285,assault 3,white
373.0,1.7857142857142858,0.42857142857142855,1.3571428571428572,0.0,0.0,assault 3,white
374.0,90.28571428571429,26.0,62.785714285714285,1.1428571428571428,0.35714285714285715,"controlled substance, possession 7",black
375.0,28.0,7.142857142857143,20.571428571428573,0.21428571428571427,0.07142857142857142,"intoxicated driving,alcohol",white
376.0,80.57142857142857,24.785714285714285,54.142857142857146,1.0,0.6428571428571429,"controlled substance, possession 7",white
377.0,48.57142857142857,12.928571428571429,35.57142857142857,0.07142857142857142,0.0,assault 3,white
378.0,4.428571428571429,1.2857142857142858,3.142857142857143,0.0,0.0,"controlled substance, possession 7",white
379.0,26.571428571428573,7.5,18.428571428571427,0.2857142857142857,0.35714285714285715,"intoxicated driving,alcohol",white
380.0,3.0714285714285716,1.0714285714285714,2.0,0.0,0.0,assault 3,white
381.0,10.928571428571429,4.428571428571429,6.214285714285714,0.2857142857142857,0.0,"controlled substance, possession 7",white
382.0,2.357142857142857,1.0714285714285714,1.2857142857142858,0.0,0.0,"controlled substance, possession 7",white
383.0,18.785714285714285,5.642857142857143,13.071428571428571,0.07142857142857142,0.0,assault 3,white
384.0,228.5,65.78571428571429,162.07142857142858,0.21428571428571427,0.42857142857142855,assault 3,white
385.0,772.3571428571429,209.42857142857142,553.7142857142857,7.857142857142857,1.3571428571428572,"marijuana, possession 4 & 5",black
386.0,5.071428571428571,1.2857142857142858,3.7142857142857144,0.07142857142857142,0.0,"intoxicated driving,alcohol",white
387.0,45.07142857142857,6.142857142857143,38.785714285714285,0.0,0.14285714285714285,"stolen property 3,possession",white
388.0,25.857142857142858,4.642857142857143,21.0,0.14285714285714285,0.07142857142857142,"traffic,unclassified misdemean",white
389.0,9.214285714285714,3.0,6.142857142857143,0.0,0.07142857142857142,"intoxicated driving,alcohol",white
390.0,536.7142857142857,161.71428571428572,367.0,6.714285714285714,1.2857142857142858,"controlled substance, possession 7",black
391.0,133.35714285714286,35.142857142857146,97.35714285714286,0.6428571428571429,0.21428571428571427,"marijuana, possession 4 & 5",white
392.0,165.57142857142858,42.142857142857146,122.5,0.6428571428571429,0.2857142857142857,"controlled substance, possession 7",white
393.0,178.78571428571428,49.285714285714285,127.64285714285714,1.5,0.35714285714285715,"marijuana, possession 4 & 5",black
394.0,5.0,0.5,4.285714285714286,0.07142857142857142,0.14285714285714285,"intoxicated driving,alcohol",white
395.0,36.07142857142857,7.928571428571429,27.714285714285715,0.14285714285714285,0.2857142857142857,"intoxicated driving,alcohol",white
396.0,24.285714285714285,5.714285714285714,18.357142857142858,0.0,0.21428571428571427,"controlled substance, possession 7",white
